"created_at","state","code","text","anger","anticipation","disgust","fear","joy","sadness","surprise","trust","negative","positive"
"03","South Carolina","SC","rt daytobehappy amyklobuchar  dead people arent eligible right     voting democrat",0,0,0,0,0,0,0,0,0,1
"04","Georgia","GA","ewerickson sadly  people   thread dont care  warnock  done   person theyre voting ",0,0,0,0,0,1,0,0,1,0
"04","South Carolina","SC","rt ryuminating just 3 hours left  give bts  votes  gap   small    voting team  trying  catch    won‚Ä¶",0,0,0,0,0,0,1,1,2,0
"04","New York","NY","rt 01btsxarmy ‚è∞ 3 hours left  vote 

make sure  cast   votes voting ends  12pm kst fighting army ‚úä

üó≥ httpstcohmh‚Ä¶",2,1,0,0,1,1,1,1,2,1
"04","Colorado","CO","rt politicsverse just now scotus  just rejected mike lindells bid  fend   defamation lawsuit  dominion voting systems file‚Ä¶",1,0,2,3,0,1,1,1,3,0
"04","California","CA","sportstao sammorril im never voting  sam ",0,0,0,0,0,0,0,0,0,0
"04","New York","NY","rt lauras4t  liberal standards  man isnt really black    voting  gov desantis

   standards   great patriot
h‚Ä¶",0,0,0,0,0,1,0,0,2,1
"04","Florida","FL","rt pattiewalker4  resister duckfutoo  true blue  wants us   get  good trouble  november  voting blue
build ‚Ä¶",0,1,0,0,1,1,1,1,0,2
"04","New Hampshire","NH","nh house dems  fired   fight   democracy  fall    power  protect repro rights voting‚Ä¶ httpstcofojypvoxrd",1,0,0,1,0,1,0,0,2,2
"04","North Carolina","NC","rt youcanvotenc  need   help organize  manage early voting sites  october early voting sites will  staffed  voting rights‚Ä¶",0,0,0,0,0,0,0,1,0,2
"04","Massachusetts","MA","rt politicsverse just now scotus  just rejected mike lindells bid  fend   defamation lawsuit  dominion voting systems file‚Ä¶",1,0,2,3,0,1,1,1,3,0
"04","Texas","TX","montana judge knocks  republicans‚Äô tighter voting laws
httpstco7o5u1xg2gu",0,0,0,0,0,0,0,0,0,0
"04","Virginia","VA","rt dudcanoe58 voting rights supreme court  dig  claims  racial gerrymandering  alabama httpstcov0kmwihigw",1,1,0,1,0,0,0,0,0,1
"04","Arizona","AZ","rt 01btsxarmy1 ‚è∞ tma time event

english te 2
‚è≥Ô∏è0930am  1030am kst

‚úÖ apps 
‚úÖ get additional 1 voting ticket
‚úÖ complete daily mi‚Ä¶",0,2,0,0,0,0,0,0,0,0
"04","Washington","WA","rt covie93 rick scott    begging  hurricane relief  voting   bill  funds fema",0,0,0,1,0,0,0,0,2,1
"04","New Jersey","NJ","rt elienyc  ‚Äôve said repeatedly   reason people  voting  walker      ‚Äúpolicies‚Äù lol  temperament ‚Ä¶",0,0,0,0,0,0,0,0,0,1
"04","Texas","TX","rt seokjinmylabsss lets goooo armys lets win   bts pls keep voting 

tmarmy uno  bangtan",0,0,0,0,0,0,0,0,0,0
"04","Florida","FL","rt timrunshismouth teampelosi putting  ton  bullshit   bill   just relief  claiming republicans arent voting ‚Ä¶",0,0,0,0,0,0,0,0,0,1
"04","California","CA","rt votingbrigade üö¶ mass voting starts now

teamfire less  3 hours left   voting give us  huge number  votes  fight u‚Ä¶",1,0,0,1,0,0,0,0,1,0
"04","Georgia","GA","judewmire vexedinthecity  can‚Äôt imagine voting   politician  ‚Äôm 18    able  vote  ‚Ä¶ httpstco0rwjtr6qau",1,1,0,0,1,1,1,1,1,1
"04","Florida","FL","rt alexpadilla4ca republicans  made  habit  voting  measures   help  constituents   trying  take cr‚Ä¶",0,0,0,0,0,0,0,0,0,0
"04","Arizona","AZ","rt ap  montana judge struck   unconstitutional three laws  restricted voting   state saying    evidence  ‚Ä¶",0,0,0,0,0,0,0,0,1,0
"04","Connecticut","CT","starting voting daily  ben massengale eastern connecticut conference aow
gobears
‚Å¶stoningtonfb‚Å©  httpstcok0m119dnvm",0,1,0,0,0,0,0,0,0,0
"04","Texas","TX","rt joyannreid   don‚Äôt think  scotus majority will kill  voting rights act return colleges  pre1960s demographics  soli‚Ä¶",0,0,0,1,1,1,0,2,1,2
"04","Tennessee","TN","thirteenfifty tinalou40 mgibbs lgb1060 christianwalk1r dude republicans   voting  ukraine aid fo‚Ä¶ httpstcoh15ncihkwg",0,0,0,0,0,0,0,0,0,1
"04","Maine","ME","rt oasisprotocol confidential smart contracts   ability  scale web3 utility  evolve  industries   core

voting  ‚Ä¶",0,0,0,0,0,0,0,1,0,3
"04","Florida","FL","rt joyannreid   don‚Äôt think  scotus majority will kill  voting rights act return colleges  pre1960s demographics  soli‚Ä¶",0,0,0,1,1,1,0,2,1,2
"04","Virginia","VA","rt lizwheeler  dont know   rest   motherfampckers  im voting  desantis  im  democrat

httpstcomahm8pdx‚Ä¶",0,0,0,0,0,0,0,0,0,1
"04","Arizona","AZ","proudelephantus  wife     registered independents voting republican",0,0,0,0,0,0,0,0,0,0
"04","Michigan","MI","rt joyannreid   don‚Äôt think  scotus majority will kill  voting rights act return colleges  pre1960s demographics  soli‚Ä¶",0,0,0,1,1,1,0,2,1,2
"04","Kentucky","KY","rt mayoisspicyy   voting blue    voting   fascists",0,0,0,0,0,1,0,0,0,0
"04","New York","NY","rt votingbrigade üìä 15 mins stats
üìçtma popularity award 
‚è∞1045am kst  1100am kst

added votes
1 bts 5860051 17836 üö®üö®
2  581‚Ä¶",0,1,0,0,1,0,1,1,0,2
"04","Texas","TX","rt joyannreid   don‚Äôt think  scotus majority will kill  voting rights act return colleges  pre1960s demographics  soli‚Ä¶",0,0,0,1,1,1,0,2,1,2
"04","California","CA","rt joyannreid   don‚Äôt think  scotus majority will kill  voting rights act return colleges  pre1960s demographics  soli‚Ä¶",0,0,0,1,1,1,0,2,1,2
"04","Hawaii","HI","rt chipfranklin breaking matt gaetz says  wants congress  approve funds  help  state recover  hurricane ian  voting ag‚Ä¶",0,0,1,1,1,0,0,2,1,1
"04","Arizona","AZ","rt joyannreid   don‚Äôt think  scotus majority will kill  voting rights act return colleges  pre1960s demographics  soli‚Ä¶",0,0,0,1,1,1,0,2,1,2
"04","Texas","TX","rt breaking911 florida man ‚Äú don‚Äôt know   rest   motherfuers  ‚Äôm voting  desantis ‚Äî  ‚Äôm  democrat‚Äù 

https‚Ä¶",0,0,0,0,0,0,0,1,0,2
"04","Texas","TX","rt joyannreid   don‚Äôt think  scotus majority will kill  voting rights act return colleges  pre1960s demographics  soli‚Ä¶",0,0,0,1,1,1,0,2,1,2
"04","Texas","TX","rt joyannreid   don‚Äôt think  scotus majority will kill  voting rights act return colleges  pre1960s demographics  soli‚Ä¶",0,0,0,1,1,1,0,2,1,2
"04","Texas","TX","rt joyannreid   don‚Äôt think  scotus majority will kill  voting rights act return colleges  pre1960s demographics  soli‚Ä¶",0,0,0,1,1,1,0,2,1,2
"04","Alabama","AL","rt joyannreid   don‚Äôt think  scotus majority will kill  voting rights act return colleges  pre1960s demographics  soli‚Ä¶",0,0,0,1,1,1,0,2,1,2
"04","Texas","TX","rt breaking911 florida man ‚Äú don‚Äôt know   rest   motherfuers  ‚Äôm voting  desantis ‚Äî  ‚Äôm  democrat‚Äù 

https‚Ä¶",0,0,0,0,0,0,0,1,0,2
"04","Wisconsin","WI","rt elienyc  ‚Äôve said repeatedly   reason people  voting  walker      ‚Äúpolicies‚Äù lol  temperament ‚Ä¶",0,0,0,0,0,0,0,0,0,1
"04","Michigan","MI","gop gopchairwoman   voting    just shut  seriously",0,0,0,0,0,0,0,0,0,0
"04","Ohio","OH","rt colinmochrie     lovely  people got  invested  voting     superhero movie  fantasy tv casting",0,1,0,0,1,1,1,1,0,1
"04","Washington","WA","rt nothoodlum nine   ten  herschel‚Äôs children will   voting  ",0,0,0,0,0,0,0,0,0,0
"04","Washington","WA","rt chipfranklin breaking matt gaetz says  wants congress  approve funds  help  state recover  hurricane ian  voting ag‚Ä¶",0,0,1,1,1,0,0,2,1,1
"04","Connecticut","CT","rt crewcrew two years ago postmaster general louis dejoy tried  interfere  voting  mail  intentionally trying  slow  ‚Ä¶",0,1,0,0,0,0,0,1,0,1
"04","North Dakota","ND","rt debraernst14  ‚Äúdude‚Äù pretty much summed   plans   wh already  set  prior   2020 voting

 knew  djt w‚Ä¶",0,1,0,0,1,0,0,1,0,1
"04","Texas","TX","rt bvsuteam keep  voting armylegends lets   til  enddddd aaaaaaaaaaaaaaaaaaaaaaaaaa httpstco19qylhxued",0,0,0,0,0,0,0,0,0,0
"04","Texas","TX","voting starts  early  october 25th   sure   registered  october 11th ",0,0,0,0,0,0,0,0,0,0
"04","Massachusetts","MA","rt joyannreid   don‚Äôt think  scotus majority will kill  voting rights act return colleges  pre1960s demographics  soli‚Ä¶",0,0,0,1,1,1,0,2,1,2
"04","California","CA","rt akarealdirty ‚Äôm voting  rondesantisfl  ‚Äôm  democrat httpstcotfd44hypof",0,0,0,0,0,0,0,0,0,0
"04","Missouri","MO","  familiar   new photo id requirements  voting  missouri   ids  will  accepted ‚Ä¶ httpstcoio19u01dpt",0,0,0,0,0,0,0,1,0,1
"04","Florida","FL","rt socialistmma good  goal   convince  many black people  possible  stop voting democrat httpstco7miftoa13x",0,2,0,0,1,1,1,2,1,2
"04","Alabama","AL","rt maddowblog  dahlialithwick  looks   supreme court taking   voting rights  independent state legislatures  term‚Ä¶",1,1,0,1,0,0,0,0,0,1
"04","California","CA","rt trendingliberal lakotaman1 maga politicians voting  emergency aid    state  perfectly  brand",0,0,0,1,0,1,1,0,1,1
"04","New York","NY","rt votingbrigade  wonnnnnnnnnnnnnn  four awards arrrrrmmmyyy  love   much üò≠üò≠",0,0,0,0,1,0,0,0,0,1
"04","Michigan","MI","robreiner    vote   democrats youre voting  fascism",1,1,0,0,1,1,1,1,1,1
"04","Texas","TX","rt votingbrigade  wonnnnnnnnnnnnnn  four awards arrrrrmmmyyy  love   much üò≠üò≠",0,0,0,0,1,0,0,0,0,1
"04","Florida","FL","rt votingbrigade  wonnnnnnnnnnnnnn  four awards arrrrrmmmyyy  love   much üò≠üò≠",0,0,0,0,1,0,0,0,0,1
"04","Texas","TX","rt elienyc  ‚Äôve said repeatedly   reason people  voting  walker      ‚Äúpolicies‚Äù lol  temperament ‚Ä¶",0,0,0,0,0,0,0,0,0,1
"04","New York","NY","rt angeliinaaax won 5 trophys  rush hour won  music show votings  really  winning  week ü•π httpstco2kizgm59iz",0,1,1,0,2,2,1,2,0,2
"04","Oregon","OR","rt breaking911 florida man ‚Äú don‚Äôt know   rest   motherfuers  ‚Äôm voting  desantis ‚Äî  ‚Äôm  democrat‚Äù 

https‚Ä¶",0,0,0,0,0,0,0,1,0,2
"04","Arizona","AZ","rt dk67738830 robreiner robbie  answer  question     want  live   fascist state therefore  will  voting republi‚Ä¶",0,0,0,0,0,0,0,0,0,1
"04","California","CA","rt brokenveteran2 robreiner heres  voting democrat will get  pay attention america httpstcob2oibgsvcy",0,1,0,0,1,0,0,1,0,2
"04","California","CA","rt btsvotingunite 2 best ads
 lost best ads award    opponent  tma popularity   gain  lot    voting thi‚Ä¶",1,3,1,1,2,1,1,1,2,3
"04","Oregon","OR","rt elenpy13 votewitharmy btsvotingtroop jin also won congratulations  us armys can‚Äôt wait  see   hear  speeches üíú‚Ä¶",0,1,0,0,0,0,0,0,1,0
"04","Virginia","VA","rt keithboykin  herschel walker‚Äôs hometown  georgia nearly   black people ‚Äî including   cousin ‚Äî   voting  ‚Ä¶",0,0,0,0,0,1,0,0,1,1
"04","Texas","TX","skylerhefley voting   awesome",0,0,0,0,0,0,0,0,0,0
"04","Texas","TX","maia99twt btsvotingunite welcome   insanity thanks  joining us üíú",1,0,1,1,0,1,0,0,1,0
"04","Virginia","VA","arkloster baseballcrank   ever occurred    voting   mandatory   country    ca‚Ä¶ httpstcotivoq9ohmt",0,0,0,0,0,0,0,0,0,0
"04","Kentucky","KY","rt sb19votingteam  song   week 

wyatsb19 sure  already  mainstay  channelrradios song   week   still cant ge‚Ä¶",0,0,0,0,0,0,0,1,0,1
"04","Florida","FL","gaetz asks  florida hurricane aid  voting  cr  fema funding httpstco65xbantw6t",0,0,0,1,0,0,0,0,1,1
"04","Pennsylvania","PA","rt taeuniverso btsvotingunite    great team army thank   always encouraging us  vote  never giving     c‚Ä¶",1,1,0,0,1,1,1,2,1,2
"04","California","CA","rt evakbartlett elonmusk youre 8 years late

also   5 days  voting donbass citizens made  will clear",0,0,0,0,0,1,0,0,1,0
"04","Texas","TX","rt marceelias  firm  now  year old   grown   80 lawyers   still  largest voting rights  political law privat‚Ä¶",0,0,0,0,0,0,0,1,0,0
"04","South Carolina","SC","republican voting record   student loan relief   hurricane relief   avoid another jan 6th   b‚Ä¶ httpstcotzwa5osduu",0,0,0,2,0,0,0,0,2,1
"04","Tennessee","TN","rt maddowblog  dahlialithwick  looks   supreme court taking   voting rights  independent state legislatures  term‚Ä¶",1,1,0,1,0,0,0,0,0,1
"04","Oregon","OR","rt nothoodlum nine   ten  herschel‚Äôs children will   voting  ",0,0,0,0,0,0,0,0,0,0
"04","New York","NY","rt maddowblog  dahlialithwick  looks   supreme court taking   voting rights  independent state legislatures  term‚Ä¶",1,1,0,1,0,0,0,0,0,1
"04","Washington","WA","joshtpm ewerickson  campaign may  dead   wont stop lots  ignorant people  voting  ",0,1,1,0,0,0,0,0,1,0
"04","California","CA","beebefororegon urbanlife78 jeffmerkley   evidence  voting fraud   come across  republicans voti‚Ä¶ httpstcobntnysimtp",1,0,0,0,0,0,0,0,1,0
"04","Florida","FL","rt lauras4t  liberal standards  man isnt really black    voting  gov desantis

   standards   great patriot
h‚Ä¶",0,0,0,0,0,1,0,0,2,1
"04","California","CA","rt breaking911 florida man ‚Äú don‚Äôt know   rest   motherfuers  ‚Äôm voting  desantis ‚Äî  ‚Äôm  democrat‚Äù 

https‚Ä¶",0,0,0,0,0,0,0,1,0,2
"04","Illinois","IL","rt btsvotingunite bts voting organization bvo casted  total  905204 votes  fan n star choice artist final round thank   al‚Ä¶",0,2,0,0,2,0,1,2,0,3
"04","Texas","TX","rt emeriticus  people voting   poll think  living   donbas  crimea    say even   means  say‚Ä¶",0,0,0,0,0,0,0,1,0,0
"04","California","CA","rt mushtumjournal elonmusk  
 separatist groups decide  vote üó≥Ô∏è  take    business  voting",2,1,1,0,1,1,1,1,2,1
"04","California","CA","rt nothoodlum nine   ten  herschel‚Äôs children will   voting  ",0,0,0,0,0,0,0,0,0,0
"04","Virginia","VA","elonmusk whos organizing whos participating  voting   displaced get  vote    killed ‚Ä¶ httpstcoewdnmhokdm",2,1,0,1,1,2,1,1,1,1
"04","Pennsylvania","PA","rt kampsteve alabama gop chair busted  illegal voting httpstcolob7dqoej3 via politicususa",2,0,1,2,0,1,0,0,2,0
"04","Washington","WA","rt timruss2   cases  polluted right wing court will  hearing  voting rights lgbtq rights civil rights  affirmative‚Ä¶",1,1,0,2,0,0,0,0,1,2
"04","Missouri","MO","rt elienyc  ‚Äôve said repeatedly   reason people  voting  walker      ‚Äúpolicies‚Äù lol  temperament ‚Ä¶",0,0,0,0,0,0,0,0,0,1
"04","Arkansas","AR","rt kylegriffin1 breaking  supreme court just rejected mike lindells bid  fend   defamation lawsuit  dominion voting system‚Ä¶",2,1,2,4,0,1,1,2,3,1
"04","Indiana","IN","rt shortsfilm3 one side voting chal rahi h üî•
keep voting mc stan ‚úåÔ∏èüî∫Ô∏è
keep supporting mkjw 
mcstan biggboss16 bb16 voot colors http‚Ä¶",0,0,0,0,0,0,0,1,0,1
"04","Texas","TX","rt joyannreid   don‚Äôt think  scotus majority will kill  voting rights act return colleges  pre1960s demographics  soli‚Ä¶",0,0,0,1,1,1,0,2,1,2
"04","Illinois","IL","rt breaking911 florida man ‚Äú don‚Äôt know   rest   motherfuers  ‚Äôm voting  desantis ‚Äî  ‚Äôm  democrat‚Äù 

https‚Ä¶",0,0,0,0,0,0,0,1,0,2
"04","Georgia","GA","rt marceelias  firm  now  year old   grown   80 lawyers   still  largest voting rights  political law privat‚Ä¶",0,0,0,0,0,0,0,1,0,0
"04","Texas","TX","cannabischroni4 1hatchco asweetgirlinyou jackposobiec  world changes breakaway countries voting  indepen‚Ä¶ httpstco2ggrjgpowy",0,0,0,0,0,0,0,0,0,0
"04","Texas","TX","wtpblue democrats  voting   future  mind gop votes   donors  mind
voteblue   future",0,0,0,0,0,0,0,0,0,0
"04","Ohio","OH","thedemocrats  voting   democratic party  cast  vote  trust  just  leaders  policies bu‚Ä¶ httpstcodkgxod5dti",1,1,0,0,1,1,1,2,1,1
"04","Pennsylvania","PA","robreiner  don‚Äôt know  fascist means voting democrat shows  foolish  country  become",0,0,0,0,0,0,0,1,1,1
"04","California","CA","rt jinjin120421 mrshope180294 sierranicoie seokielovesbts 95  vote results   seokjinnies jin fandom non  bts voting tea‚Ä¶",1,1,0,0,1,1,1,1,1,1
"04","Virginia","VA","  one   nice things   cant   election boards figure    maintain good voting roll‚Ä¶ httpstcobpvmjmoeg4",0,1,0,0,1,0,1,1,0,1
"04","Pennsylvania","PA","election equipment testing opened   media  well  observers berks begins testing countys voting machines‚Ä¶ httpstcov5olqlyk2x",0,0,0,0,0,0,0,0,0,0
"04","Florida","FL","rt voteractionproj great news  montana judge struck   unconstitutional three laws  restricted voting   state saying ‚Ä¶",0,0,0,0,0,0,0,0,1,0
"04","Iowa","IA","rt keithboykin  herschel walker‚Äôs hometown  georgia nearly   black people ‚Äî including   cousin ‚Äî   voting  ‚Ä¶",0,0,0,0,0,1,0,0,1,1
"04","Oklahoma","OK","rt nicolemalonso  girl advanced  top 10   group thank   much  everyone ‚Äôs  voting ‚Äôre now   fight ‚Ä¶",1,1,0,1,0,0,0,1,1,2
"04","Minnesota","MN","rt blackknight10k even herschel walkers  family  voting  warnock follow  lead",0,0,0,0,0,0,0,0,0,1
"04","Ohio","OH","rt blackknight10k even herschel walkers  family  voting  warnock follow  lead",0,0,0,0,0,0,0,0,0,1
"04","Louisiana","LA","rt mlmagsdolynn dbongino  guy   funny   like    sort  remorseful  cursing  ‚Äôs 
  ‚Äúreal guy‚Äù voting  w‚Ä¶",1,0,1,0,0,0,0,1,1,1
"04","North Carolina","NC","im sure  map violates every possible opportunity  blacks  vote    fair voting bloc    sure‚Ä¶ httpstcobl8iunfnd4",1,2,0,0,1,1,1,1,1,3
"04","Minnesota","MN","skylarker03 goodtroubleonly scottmonty christianwalk1r  entire family  florida  voting early  make sure‚Ä¶ httpstco6bnn88k4nl",0,0,0,0,0,0,0,0,0,0
"04","Pennsylvania","PA","rt joyannreid   don‚Äôt think  scotus majority will kill  voting rights act return colleges  pre1960s demographics  soli‚Ä¶",0,0,0,1,1,1,0,2,1,2
"04","Illinois","IL","matt gaetz sparks fury  voting  federal aid  hurricane victims    state smartnews  httpstcoznjngj61pl",1,0,0,2,0,1,0,0,2,1
"04","Florida","FL","rt bennyjohnson black democrats trigger reporter  saying  ‚Äôre voting  desantis

 httpstcozsksygm59v",0,0,0,0,0,1,0,1,1,1
"04","Texas","TX","rt cwebbonline   talk  republicans voting every 5 years  keep social security funded  think    remember ‚Äôs liter‚Ä¶",0,0,0,0,0,0,0,0,0,1
"04","North Carolina","NC","rt bennyjohnson black democrats trigger reporter  saying  ‚Äôre voting  desantis

 httpstcozsksygm59v",0,0,0,0,0,1,0,1,1,1
"04","Oregon","OR","rt btschartglobal tma voting      keep reminding    still  mama mma httpstco6asndafspg",0,0,0,0,0,0,0,0,0,0
"04","Utah","UT","rt elienyc  ‚Äôve said repeatedly   reason people  voting  walker      ‚Äúpolicies‚Äù lol  temperament ‚Ä¶",0,0,0,0,0,0,0,0,0,1
"04","Oregon","OR","rt elonmusk podolyakm  ‚Äôm suggesting voting  un  pick   trusted entity  country supervision",0,0,0,0,0,0,0,0,0,1
"04","Kentucky","KY","lisamurkowski krissacrebleu nyt headline
‚Äù   brief time   looked like voting  certifyin‚Ä¶ httpstcoybck8wzjuy",0,1,0,0,0,0,0,0,0,0
"04","Ohio","OH","rt samspital  great civil rights lawyer  will  defending  nation‚Äôs  important civil rights statute‚Äî voting rights act o‚Ä¶",1,0,1,1,0,0,0,2,1,3
"04","North Carolina","NC","rt trendingliberal lakotaman1 maga politicians voting  emergency aid    state  perfectly  brand",0,0,0,1,0,1,1,0,1,1
"04","Florida","FL","rt marceelias   supreme court  county courts next week  going   one   busiest   year  voting litigation fol‚Ä¶",1,1,0,1,0,0,0,1,1,1
"04","South Carolina","SC","rt elienyc  ‚Äôve said repeatedly   reason people  voting  walker      ‚Äúpolicies‚Äù lol  temperament ‚Ä¶",0,0,0,0,0,0,0,0,0,1
"04","Texas","TX","rt chipfranklin breaking matt gaetz says  wants congress  approve funds  help  state recover  hurricane ian  voting ag‚Ä¶",0,0,1,1,1,0,0,2,1,1
"04","Michigan","MI","rt elienyc  ‚Äôve said repeatedly   reason people  voting  walker      ‚Äúpolicies‚Äù lol  temperament ‚Ä¶",0,0,0,0,0,0,0,0,0,1
"04","Arizona","AZ","rt americanlady22 remember donald‚Äôs advice‚Ä¶don‚Äôt bother voting  republicans üëçüèªüíô httpstcojmlxr5cptx",0,0,0,0,0,0,0,2,1,1
"04","California","CA","rt srhmedco   like  suggest  everyone   sure  retweet  tweets    info   importance  voting  w‚Ä¶",0,1,0,0,0,0,0,1,0,1
"04","Ohio","OH","rt thedemcoalition reply  votefetterman  ‚Äôre  voting  dems  2022",0,0,0,0,0,0,0,0,0,0
"04","South Carolina","SC","rt jackposobiec trade  immigration   trump coalition steve

   core   new right voting bloc

2016 proved  ‚Ä¶",0,0,0,0,0,0,1,1,0,2
"04","Tennessee","TN","rt nancyleegrahn elienyc   ppl worse  walker  oz   ppl voting     traitors  america",0,0,0,1,0,1,0,0,1,0
"04","Texas","TX","use  resources  find   early voting   option    early voting period  texas october 24  ‚Ä¶ httpstcomro2ljewih",0,0,0,0,1,0,0,1,0,2
"04","Missouri","MO","voting democrat
continues fascist state 
americans want law n order less government 
energy independence 
closed b‚Ä¶ httpstcoomliehxxr9",0,1,0,1,1,0,1,2,1,1
"04","Illinois","IL","  start   claiming   election systems aren‚Äôt free  fair  things like early voting  vote‚Ä¶ httpstcoxeo7n1zriw",1,2,0,0,1,1,1,1,1,2
"04","Wisconsin","WI","curbside voting    enter  polling place  absentee voting location due  disability curbside voti‚Ä¶ httpstcomn5giorbrs",0,0,0,0,0,2,0,0,2,0
"04","Kentucky","KY","rt joyannreid   don‚Äôt think  scotus majority will kill  voting rights act return colleges  pre1960s demographics  soli‚Ä¶",0,0,0,1,1,1,0,2,1,2
"04","Maryland","MD","rt rewirenewsgroup   john roberts swan song   case  voting rights act will functionally  dead   will  left‚Ä¶",0,0,1,1,0,1,0,0,2,0
"04","Texas","TX","rt sheryltoth   one    frightening articles   voting will  longer  decided  american voters 

democracy p‚Ä¶",0,0,0,0,0,0,0,0,0,1
"04","Louisiana","LA","rt thr will oscar voters even consider voting  will smith  ‚Äòemancipation‚Äô ‚Äú   allow people  grow‚Äù ‚Äú chance‚Äù ‚Äúf¬†hi‚Ä¶",0,2,0,0,2,0,1,2,0,2
"04","North Carolina","NC","russwil97532934 ‚Äú voting rights act one  mlk‚Äôs greatest legacies   prime target‚Äù",0,0,0,0,0,0,0,0,0,1
"04","Massachusetts","MA","heidi beidinger will protect  freedoms make  early voting plan now   oct 12 httpstcour9ovorv6x",0,1,0,0,0,0,0,0,0,1
"04","Ohio","OH","rt votercoalition üì® voting  mail    convenient voting option  millions  americans  can request  absentee ballot t‚Ä¶",0,2,0,0,0,1,0,1,1,3
"04","New York","NY","rt mmmvotingteam free idolchamp

moos    voting deal 

üéÅ 300 chamsims

üëâconditions ‚òëÔ∏è
üìç500 like
üìç500 rt

üìçfollow votingsba‚Ä¶",0,1,0,0,1,0,1,1,0,1
"04","California","CA","karenbassla palmerreport prochoiceca herboldmoveusa make sure  register  vote 

  early voting o‚Ä¶ httpstco45k0xvjwpy",1,1,0,0,1,1,1,1,1,1
"04","Georgia","GA","rt gollum1419g vote  mf    matter  fact vote every republican  

matt gaetz demands hurricane ian aid   voting‚Ä¶",1,1,0,1,1,1,1,2,2,2
"04","Oregon","OR","rt theeconomist  america‚Äôs supreme court overruled roe v wade  june one jurist voting  scrap fifty years  abortion rights saw‚Ä¶",1,1,1,2,0,1,0,1,1,1
"04","Kentucky","KY","rt blackknight10k even herschel walkers  family  voting  warnock follow  lead",0,0,0,0,0,0,0,0,0,1
"04","Georgia","GA"," voting  loving ‚ÄºÔ∏è‚ÄºÔ∏è",0,0,0,0,1,0,0,1,0,1
"04","California","CA","rt elienyc im annoyed im going    listen   case  equitable tolling   get   case  whether   voting r‚Ä¶",0,0,0,1,0,1,0,0,1,0
"04","California","CA","supremecourt    supreme court case involving  fair redistributing  voting  majority black areas  ‚Ä¶ httpstco3vepxj7czh",1,1,0,2,1,2,0,1,2,3
"04","Florida","FL","brianmastfl really kind  like voting  hurricane relief  political reasons  didn‚Äôt hit  house huh brian",1,0,0,1,1,0,0,1,2,2
"04","Maryland","MD","rt srl justice kagan says  voting rights act   fared  well   court  recent years 

‚Äôre asking us  cut back sub‚Ä¶",1,1,0,1,0,0,0,1,0,1
"04","Maryland","MD","alito  like      really want  destroy  voting rights act ‚Äôs    ",0,0,0,0,0,0,0,0,0,0
"04","North Carolina","NC","rt billpascrell today  rightwing supreme court hears another case   fate  voting rights  america   voted last year ‚Ä¶",1,2,0,2,0,1,0,0,2,1
"04","Oregon","OR","rt breaking911 florida man ‚Äú don‚Äôt know   rest   motherfuers  ‚Äôm voting  desantis ‚Äî  ‚Äôm  democrat‚Äù 

https‚Ä¶",0,0,0,0,0,0,0,1,0,2
"04","New Mexico","NM","rt alexpadilla4ca republicans  made  habit  voting  measures   help  constituents   trying  take cr‚Ä¶",0,0,0,0,0,0,0,0,0,0
"04","Georgia","GA","rt pioneerx6   dexe holder youre  member   dao governance    voting power  upvote proposal   network buy dexe‚Ä¶",0,1,0,0,0,0,0,0,0,0
"04","Illinois","IL","rt sifill kagan now holding  class   voting rights act one   great achievements  american democracy",0,0,0,0,0,0,0,0,0,1
"04","Virginia","VA","rt sifill counsel  alabama  now distorting  third generation voting rights claims means        classic‚Ä¶",0,0,0,0,0,0,0,1,0,2
"04","California","CA","rt elienyc   listening along  home gingles   precedent  governs   state violates  voting rights act  ‚Ä¶",0,0,0,0,0,0,0,0,0,0
"04","California","CA","rt billpascrell today  rightwing supreme court hears another case   fate  voting rights  america   voted last year ‚Ä¶",1,2,0,2,0,1,0,0,2,1
"04","New York","NY"," major difference  see  electionsvoting rights cases    rights cases  court hears  tha‚Ä¶ httpstcom0mxxtdkks",1,1,0,1,0,0,0,0,0,1
"04","Washington","WA","rt mjsdc justice kagan runs   supreme court‚Äôs recent assaults   voting rights act  asks  alabama solicitor general‚Ä¶",1,1,0,1,0,0,0,2,0,3
"04","Massachusetts","MA","curtishouck redsteeze   words    use euphemisms  trick  dummies  voting  us 

 mo‚Ä¶ httpstcomn9on9f4qg",1,0,0,0,0,0,1,0,2,0
"04","Massachusetts","MA","rt maddowblog  dahlialithwick  looks   supreme court taking   voting rights  independent state legislatures  term‚Ä¶",1,1,0,1,0,0,0,0,0,1
"04","Arkansas","AR","rt mjsdc justice kagan runs   supreme court‚Äôs recent assaults   voting rights act  asks  alabama solicitor general‚Ä¶",1,1,0,1,0,0,0,2,0,3
"04","Texas","TX","iowa making progress  voting accessibility  via kcrg httpstcortceeqk52j a11y",0,1,0,0,1,0,0,0,0,1
"04","Virginia","VA","rt elienyc im annoyed im going    listen   case  equitable tolling   get   case  whether   voting r‚Ä¶",0,0,0,1,0,1,0,0,1,0
"04","California","CA"," rarely complain  justintrudeau   might start voting ndp   doesn‚Äôt clean house  hockey canada asap",1,1,0,0,1,1,0,1,1,1
"04","Florida","FL","rt sooyavelt ‚Äôm voting 28 reasons  seulgi  album   year  mamaawards httpstcoqdeylg8vrg",0,0,0,0,0,0,0,0,0,0
"04","Michigan","MI","rt accessvoting voting early ensures  lastminute issues long lines   polls  unclear election laws can‚Äôt deter   vot‚Ä¶",0,1,0,1,0,0,0,0,0,0
"04","Wisconsin","WI","rt joncoopertweets drop  üíô    voting blue  november

 want everyone  follow ",0,0,0,0,0,1,0,0,0,0
"04","Illinois","IL","laurenboebert breaking indiana republicans trying  steal  2022 elections using mail  voting ripe  fra‚Ä¶ httpstcofpslo85vxg",1,1,0,1,0,1,0,0,1,1
"04","California","CA","chuckgordon18 speakerpelosi housedemocrats housegop  voting blue last time  got 6 dollar  gallon gas ‚Ä¶ httpstcob5mlcouqoi",0,1,0,0,0,1,0,0,0,0
"04","Florida","FL","christianwalk1r  airing  familys business publicly  makes  look bad people voting   father‚Ä¶ httpstconmgwsuawzi",1,0,1,1,0,1,0,1,1,0
"04","Texas","TX","rt minecraft mob vote reveal will  choose  ancient plantloving mob ü™¥ vote   sniffer httpstco3vsjn4sbh8

voting begins‚Ä¶",2,1,0,1,1,1,1,1,3,1
"04","Virginia","VA","rt rewirenewsgroup im   justice jackson making originalist arguments  defense   voting rights act

 14th amendment ‚Ä¶",2,1,0,1,0,0,0,1,0,2
"04","Pennsylvania","PA","rt joyannreid   don‚Äôt think  scotus majority will kill  voting rights act return colleges  pre1960s demographics  soli‚Ä¶",0,0,0,1,1,1,0,2,1,2
"04","New York","NY","rt rickhasen  alito  trying     radically change  test  section 2   voting rights act   way  help  st‚Ä¶",0,0,0,1,0,0,0,0,0,0
"04","Alabama","AL","rt joshmoon  listening   oral arguments  scotus  alabamas voting maps lordy  attorney   state essentially said‚Ä¶",2,0,0,1,0,0,0,1,0,1
"04","Connecticut","CT","rt joncoopertweets drop  üíô    voting blue  november

 want everyone  follow ",0,0,0,0,0,1,0,0,0,0
"04","California","CA","rt elienyc kagan calls  vra one   great achievements   country   says  voting rights act   fared well ‚Ä¶",0,1,0,0,0,0,0,1,1,0
"04","Hawaii","HI","rt emilio63973825 democratic party will win   keep push voting blue    important  us please retweet",0,0,0,0,0,1,0,1,0,1
"04","Hawaii","HI","rt angimaryssa important oral argument today   case  can determine  fate   voting rights act",1,1,0,1,0,1,0,1,3,1
"04","California","CA","rt jpodsn üí•mubeat giveawayüí´
üí¢ music shows prevoting üí¢

rulesüëâfree votes
retweetü´∞
likeü´∂
follow‚úä

blackpink mamamoo seulgi",0,0,0,0,1,1,0,0,0,1
"04","New Mexico","NM","rt joyannreid   don‚Äôt think  scotus majority will kill  voting rights act return colleges  pre1960s demographics  soli‚Ä¶",0,0,0,1,1,1,0,2,1,2
"04","New Jersey","NJ","rt mjsdc justice kagan runs   supreme court‚Äôs recent assaults   voting rights act  asks  alabama solicitor general‚Ä¶",1,1,0,1,0,0,0,2,0,3
"04","Georgia","GA","rt joncoopertweets drop  üíô    voting blue  november

 want everyone  follow ",0,0,0,0,0,1,0,0,0,0
"04","North Carolina","NC","rt elienyc now weve got  person specifically arguing  section 2   voting rights act   know exist",0,0,0,0,0,0,0,0,0,0
"04","New York","NY","rt elienyc worst outcome section 2   voting rights act  longer   thing   unconstitutionally racist  white pe‚Ä¶",0,1,0,0,1,0,0,1,0,2
"04","New York","NY","rt mjsdc justice kagan runs   supreme court‚Äôs recent assaults   voting rights act  asks  alabama solicitor general‚Ä¶",1,1,0,1,0,0,0,2,0,3
"04","New Jersey","NJ","rt realjameswoods voting matters  httpstcoj6g7lfmwbf",0,0,0,0,0,0,0,0,0,0
"04","Ohio","OH","rt meetblk giving  new meaning  politics   nasty üòútrinarockstarr saucysantana newmusic blacktwitter novotingnovucking vot‚Ä¶",2,0,1,1,0,1,0,0,1,1
"04","Texas","TX","rt realjameswoods voting matters  httpstcoj6g7lfmwbf",0,0,0,0,0,0,0,0,0,0
"04","New York","NY","rt staceyabrams early voting starts  oct 17 vote early  first week  can  keep fighting   georgia families
httpstco‚Ä¶",2,1,0,0,1,1,1,1,2,1
"04","Missouri","MO","rt rachelbitecofer    voting  john fetterman   guy  kills puppies   id  taking  voters   doors ‚Ä¶",0,0,1,0,0,0,0,0,1,0
"04","Maine","ME","rt mikedelugg 1drcole good morning dr cole   resisters  ‚Äôre voting blue   follow  ",0,1,0,0,1,1,1,1,0,1
"04","Maryland","MD","rt minecraft mob vote reveal will  choose  ancient plantloving mob ü™¥ vote   sniffer httpstco3vsjn4sbh8

voting begins‚Ä¶",2,1,0,1,1,1,1,1,3,1
"04","Arizona","AZ","arizona  deeply troubled   voting nightmares   need  fix  womens trans human border horror‚Ä¶ httpstcooqj0gyxmne",1,0,1,1,0,1,1,0,1,0
"04","Texas","TX","noeramos96 demswillwin gregabbotttx   people stay home   families    see    voting booth",0,0,0,0,0,0,0,0,0,0
"04","Nebraska","NE","rt marrwilliams also    like voting  mail please note   voter id measure will end voting  mail",0,1,0,0,0,0,0,1,0,0
"04","California","CA","rt emilio63973825 democratic party will win   keep push voting blue    important  us please retweet",0,0,0,0,0,1,0,1,0,1
"04","New Jersey","NJ","happy nationaltacoday üåÆ

let‚Äôs tacoüåÆ bout voting registering  vote  nj  nacho problem anymore  easier‚Ä¶ httpstcohfzs4d6bl8",2,2,0,1,2,2,1,2,3,2
"04","California","CA","rt dccc ùêåùêàùêÇùêáùêàùêÜùêÄùêç amp ùêàùêãùêãùêàùêçùêéùêàùêí early voting  begun üéâ stay informed
httpstcoddxk6w9zwl",0,1,0,0,0,0,0,0,0,0
"04","Florida","FL","rt billpascrell today  rightwing supreme court hears another case   fate  voting rights  america   voted last year ‚Ä¶",1,2,0,2,0,1,0,0,2,1
"04","Virginia","VA","rt realjameswoods voting matters  httpstcounb7wkpu4g",0,0,0,0,0,0,0,0,0,0
"04","Texas","TX","rt realjameswoods voting matters  httpstcounb7wkpu4g",0,0,0,0,0,0,0,0,0,0
"04","New York","NY","rt theeconomist  america‚Äôs supreme court overruled roe v wade  june one jurist voting  scrap fifty years  abortion rights saw‚Ä¶",1,1,1,2,0,1,0,1,1,1
"04","California","CA","robreiner  don‚Äôt think voting democrat will save democracy  really wish  actions matched  words ‚Ä¶ httpstcojlxanipasb",1,0,0,0,1,0,0,2,1,3
"04","California","CA","latinas stand  üó£Ô∏è  voting power continues  grow  impact  nation amp democracy every year

 going‚Ä¶ httpstcosyzgbrinz3",0,1,0,0,1,0,0,2,0,2
"04","Florida","FL","rt realjameswoods voting matters  httpstcounb7wkpu4g",0,0,0,0,0,0,0,0,0,0
"04","Oregon","OR","rt realjameswoods voting matters  httpstcounb7wkpu4g",0,0,0,0,0,0,0,0,0,0
"04","Nevada","NV","glennsiegel4 stevesisolak joelombardonv  2020  restricted  person voting locations    first time ‚Ä¶ httpstcoqs4fjqyzzn",0,1,0,0,0,0,0,0,0,0
"04","Colorado","CO","rt motherjones alabama  trying  argue   taking race  account  voting rights act violates  14th amendment enter jus‚Ä¶",1,0,0,0,0,0,0,1,1,0
"04","New York","NY","rt realjameswoods voting matters  httpstcounb7wkpu4g",0,0,0,0,0,0,0,0,0,0
"04","Minnesota","MN","rt realjameswoods voting matters  httpstcoj6g7lfmwbf",0,0,0,0,0,0,0,0,0,0
"04","Florida","FL","rt mjsdc justice kagan runs   supreme court‚Äôs recent assaults   voting rights act  asks  alabama solicitor general‚Ä¶",1,1,0,1,0,0,0,2,0,3
"04","California","CA","rt joyannreid   don‚Äôt think  scotus majority will kill  voting rights act return colleges  pre1960s demographics  soli‚Ä¶",0,0,0,1,1,1,0,2,1,2
"04","Utah","UT","rt realjameswoods voting matters  httpstcoj6g7lfmwbf",0,0,0,0,0,0,0,0,0,0
"04","California","CA","rt optictexas like   bring back map voting  skipping  pubs httpstcofbhpgkuekh",0,0,0,0,0,0,0,0,0,0
"04","Florida","FL","rt kathrynjost   sake   democracy voting rights equality womens rights climate change gun control health care educatio‚Ä¶",1,0,0,2,1,0,0,1,1,2
"04","Georgia","GA","ppadvocatesor httpstcowm50qcjx16    drazans entire voting record   lying   don‚Äôt like ‚Ä¶ httpstcorfqemdiwzy",1,0,1,0,0,0,0,1,1,1
"04","New York","NY","rt votingsbank idol champ giveaway 

weekly ranking 

300 chamsim 

 üìåfollow   must reach 55k 
üìårt  like pinned 
üìåshow proofs

s‚Ä¶",0,0,0,0,0,0,0,1,0,1
"04","Michigan","MI","rt berniceking üßµ crowning achievement   civilrightsmovement  votingrightsact  1965  enacted  ensure  every elig‚Ä¶",0,2,0,0,2,0,1,2,0,2
"04","Texas","TX","rt funder  else  voting   dems  2022 republicanwaronseniors",0,0,0,0,0,0,0,0,0,0
"04","Minnesota","MN","early voting  available   118 general election  vote  person   elections office   2nd floor o‚Ä¶ httpstcokivtj5resf",1,1,0,0,1,1,1,2,1,2
"04","California","CA","rt funder  else  voting   dems  2022 republicanwaronseniors",0,0,0,0,0,0,0,0,0,0
"04","Massachusetts","MA","sethabramson   though  media machine  time  convince voters  control  congress  worth voting   r  matter ",0,2,1,0,0,0,0,3,0,2
"04","Texas","TX","rt olsoncathie resisters   checked  voter registration   registered     voting plan  time  get  du‚Ä¶",0,2,0,0,0,0,0,0,0,0
"04","California","CA","rt funder  else  voting   dems  2022 republicanwaronseniors",0,0,0,0,0,0,0,0,0,0
"04","New Hampshire","NH","rt rosemarierung now voting democratic    choice  pearl  dropped    race due   arrest  sexual assault  ‚Ä¶",1,0,0,1,0,0,0,0,2,1
"04","Texas","TX","ap explains voting systems reliable despite conspiracies httpstcoqqcidxwmcx",0,0,0,0,0,0,0,1,0,1
"04","Georgia","GA"," last night‚Äôs october surprise üëª scare  away  voting     previously planned  vote    georgia senate race",2,2,0,2,2,1,3,2,2,2
"04","Texas","TX","rt pagelie today marks 5 weeks   2022 midterms   registered     voting plan  place ‚Äôs  much   li‚Ä¶",0,1,0,0,0,0,0,0,0,0
"04","Florida","FL","govrondesantis thank  governor  everything    ‚Äôll  voting   next month",0,0,0,0,0,0,0,1,0,0
"04","Louisiana","LA","lisamarieboothe  know ‚Äôve  voting    interest  years",0,0,0,0,0,0,0,0,0,1
"04","North Carolina","NC","rt realjameswoods voting matters  httpstcoj6g7lfmwbf",0,0,0,0,0,0,0,0,0,0
"04","New Jersey","NJ","rt wahcamia vote  mail ballots  already going   many states amp early voting starts soon 

‚Äôs time  check  voter registr‚Ä¶",1,3,0,0,1,1,1,1,1,1
"04","Virginia","VA","rt spanbergerva07 stopped   dmv  woodbridge  met  new friends voting  teamspanberger remember early voting locations‚Ä¶",0,0,0,0,0,0,0,0,0,0
"04","Arizona","AZ","rt realjameswoods voting matters  httpstcoj6g7lfmwbf",0,0,0,0,0,0,0,0,0,0
"04","Indiana","IN","rt realjameswoods voting matters  httpstcounb7wkpu4g",0,0,0,0,0,0,0,0,0,0
"04","Massachusetts","MA"," states  changed  voting requirements since  last federal election

‚Ä¶ httpstco9t7m5yaxw8",0,0,0,0,0,0,0,0,0,0
"04","Texas","TX","rt thedemocrats voting rights    ballot",0,1,0,0,0,0,0,1,0,1
"04","Missouri","MO","rt thedemocrats voting rights    ballot",0,1,0,0,0,0,0,1,0,1
"04","Florida","FL","ripollel imjohneli  republican husband  voting  blue  fl  year",0,0,0,0,0,1,0,0,0,0
"04","Kentucky","KY","rt realjameswoods voting matters  httpstcounb7wkpu4g",0,0,0,0,0,0,0,0,0,0
"04","Oregon","OR","rncresearch keep voting  democrats",0,0,0,0,0,0,0,0,0,0
"04","Oregon","OR","rncresearch keep voting  democrats",0,0,0,0,0,0,0,0,0,0
"04","South Carolina","SC","rt 34rthlivs christianwalk1r ‚Äôm voting   dad just   record  always get  kick   people  post  dirty laundr‚Ä¶",1,0,1,0,0,0,0,0,2,0
"04","Florida","FL","gopradicalright mantlehog indivisibleofaz go away clown
people already   voting rights  democrats d‚Ä¶ httpstcovnlggwulrw",0,1,0,0,1,0,1,0,0,1
"04","Texas","TX","rt texastribune brazos county officials relocated  early voting location  texas aampm university‚Äôs campus citing low turnout   par‚Ä¶",0,1,0,0,0,0,0,1,0,1
"04","Florida","FL","rpsagainsttrump florida democrats voting republican httpstco1qzy8kilmv",0,0,0,0,0,0,0,0,0,0
"04","Washington","WA","rt thedemocrats voting rights    ballot",0,1,0,0,0,0,0,1,0,1
"04","California","CA","another good thread  todays scotus hearing  voting rightsgerrymandering  alabama  difficult  re‚Ä¶ httpstcopfwijmtlxz",0,1,0,2,1,0,1,1,1,1
"04","Maryland","MD","rt realjameswoods voting matters  httpstcounb7wkpu4g",0,0,0,0,0,0,0,0,0,0
"04","Pennsylvania","PA"," hope  flies    like   biden  harris know  voting   democrats   voter  cho‚Ä¶ httpstcohj7rjypipu",0,1,0,0,1,0,1,1,0,1
"04","Illinois","IL","genuinelydrea princeofdoges nypost actually  large portion  texas voting group  first time voters  women‚Ä¶ httpstcocp4pppakze",0,1,0,0,0,0,0,0,0,0
"04","Minnesota","MN","rt lindyli sotomayor points  alito‚Äôs bigotry

jackson uses originalism  demolish originalism

kagan champions  voting rights act‚Ä¶",1,0,0,0,0,1,0,0,1,0
"04","Arkansas","AR","rt lindyli sotomayor points  alito‚Äôs bigotry

jackson uses originalism  demolish originalism

kagan champions  voting rights act‚Ä¶",1,0,0,0,0,1,0,0,1,0
"04","Wisconsin","WI","rt jojofromjerz holy sht  republican poll worker  michigan   arrested  charged  tampering  voting equipment lock‚Ä¶",0,0,0,0,0,0,0,1,0,1
"04","New York","NY","rt lindyli sotomayor points  alito‚Äôs bigotry

jackson uses originalism  demolish originalism

kagan champions  voting rights act‚Ä¶",1,0,0,0,0,1,0,0,1,0
"04","Pennsylvania","PA","melvinp63649380 kywnewsradio mailin voting   legal  pennsylvania
holy crap  better call  pa dept‚Ä¶ httpstcozsegnrixl8",0,0,1,0,0,0,0,1,1,2
"04","Florida","FL","rt realjameswoods voting matters  httpstcounb7wkpu4g",0,0,0,0,0,0,0,0,0,0
"04","Alabama","AL","  14th amnd    say  voting rights act  1965 america wasnt  true democracy just 1  nam‚Ä¶ httpstco4hw96rbtqw",0,0,0,0,0,0,0,0,0,1
"04","California","CA","rt optictexas like   bring back map voting  skipping  pubs httpstcofbhpgkuekh",0,0,0,0,0,0,0,0,0,0
"04","Pennsylvania","PA","funder 2    mine ‚Ä¶ üòÅ
 ‚Äôll  voting 
votefetterman    votejoshshapiro httpstcokn98rrervj",0,0,0,0,0,0,0,0,0,0
"04","California","CA","rt rbreich folks   abuse  filibuster roll back voting rights ban books invade privacy attack bodily autonomy  crow ab‚Ä¶",3,0,1,3,0,2,1,0,5,0
"04","Ohio","OH","rt lizmair obligatory   play well  suburban moderate normally republicanvoting women",0,0,0,0,0,0,0,0,0,1
"04","California","CA","rt jgrant24 squires2022 gop  voting didn‚Äôt matter billionaires amp foreign countries wouldn‚Äôt spend  much money   electionsele‚Ä¶",1,1,0,0,1,0,1,1,1,1
"04","North Carolina","NC","rt funder  else  voting   dems  2022 republicanwaronseniors",0,0,0,0,0,0,0,0,0,0
"04","California","CA","rt noliewithbtc new  texas official just moved  early voting site   texas aampm university‚Äôs campus   claim   ‚Äúlow‚Ä¶",0,1,0,0,0,0,0,1,0,1
"04","Oregon","OR","kfranzin amyklobuchar  georgia  many  red states  enacted restrictive voting rules  m‚Ä¶ httpstcoyxjo4xp8yz",0,0,0,0,0,0,0,0,1,0
"04","New York","NY","high court seems chilly  ‚Äòrace neutral‚Äô reading  voting rights act  httpstcojtalb6we52",1,2,0,1,0,0,0,1,1,1
"04","North Carolina","NC","rt normornstein   supreme court uses today‚Äôs case  throw  section 2   voting rights act  least five justices  ex‚Ä¶",1,1,0,2,0,1,0,0,1,1
